Title,URL,Date
What Is Data Scraping And How Can You Use It? - Target ...,https://www.targetinternet.com/what-is-data-scraping-and-how-can-you-use-it/,13-Sept-2017
What is data scraping? - YouTube,https://www.youtube.com/watch?v=COeMzrSYgvw,30-Oct-2020
What is Web Scraping and What is it Used For? | ParseHub,https://www.parsehub.com/blog/what-is-web-scraping/,01-Aug-2021
What is DATA SCRAPING? What does DATA ... - YouTube,https://www.youtube.com/watch?v=omTtMylcWOI,21-Sept-2017
Watch | What is data scraping? - The Hindu,https://www.thehindu.com/sci-tech/technology/what-is-data-scraping/article32908610.ece,21-Oct-2020
Web Scraping Examples: How are Businesses Using Web ...,https://www.parsehub.com/blog/web-scraping-examples/,01-Feb-2022
8 Best Web Scraping Tools - Learn - Hevo Data,https://hevodata.com/learn/8-best-web-scraping-tools/,06-Feb-2021
Web Scraping Software - UiPath,https://www.uipath.com/solutions/technology/web-scraping-software,31-Jan-2015
Web scraping for Beginners | Introduction guide - ParseHub,https://www.parsehub.com/blog/beginners-guide-to-web-scraping/,17-Nov-2020
10 FREE Web Scrapers That You Cannot Miss in 2022,https://www.octoparse.com/blog/9-free-web-scrapers-that-you-cannot-miss,19-Mar-2022
Web Scraping Services Company India | Eminenture,https://www.eminenture.com/web-scraping-services.php,24-Dec-2021
What is Web Scraping? | Practical Uses & Methods - WebHarvy,https://www.webharvy.com/articles/what-is-web-scraping.html,26-Oct-2021
Is Web Scraping Legal? Explanation and Examples | ParseHub,https://www.parsehub.com/blog/web-scraping-legal/,14-Jul-2021
Web Scraping vs API: What's the Difference? | ParseHub,https://www.parsehub.com/blog/web-scraping-vs-api/,09-Mar-2020
Web Scraping 101: 10 Myths that Everyone Should Know,https://www.octoparse.com/blog/10-myths-about-web-scraping,16-Aug-2021
Python Web Scraping Tutorial: Step-By-Step [2022 Guide] - Blog,https://oxylabs.io/blog/python-web-scraping,06-Jan-2022
"Data Scraping Services, Web Scraper in India - IndiaMART ...",https://dir.indiamart.com/impcat/data-scraping-services.html,05-Apr-2014
"Web Scraping with Beautiful Soup, Selenium, or Scrapy?",https://towardsdatascience.com/web-scraping-with-beautiful-soup-selenium-or-scrapy-62c6f3545de7,16-Dec-2020
Web scraping data with Azure Data Factory - SQLShack,https://www.sqlshack.com/web-scraping-data-with-azure-data-factory/,03-Aug-2021
Data Scraping Made Easy Thanks to IBM Code Engine Jobs,https://www.ibm.com/cloud/blog/data-scraping-made-easy-thanks-to-ibm-code-engine-jobs,27-Oct-2021
Web Scraping With Python | Edureka - YouTube,https://www.youtube.com/watch?v=mKxFfjNyj3c,12-Dec-2017
Is Web Scraping Easy? How to Scrape Data without Coding ...,https://www.parsehub.com/blog/web-scraping-easy/,10-Feb-2020
Helium Scraper: Web Scraper,https://www.heliumscraper.com/eng/,29-Dec-2010
Data Mining & Web Scraping Services | Upwork,https://www.upwork.com/services/data-analysis-reports/data-mining-scraping,08-Nov-2020
5 मिनट में Web scrapping || Instant data scraper - YouTube,https://www.youtube.com/watch?v=_Ho1FXYngnw,28-Jun-2019
Web Scraping vs Data Mining: What's the Difference?,https://www.parsehub.com/blog/web-scraping-vs-data-mining/,02-Mar-2020
Web Scraping Techniques: How to Scrape Data from the Internet,https://www.parsehub.com/blog/web-scraping-techniques/,16-Mar-2020
Tidy web scraping in R — Tutorial and resources - Towards ...,https://towardsdatascience.com/tidy-web-scraping-in-r-tutorial-and-resources-ac9f72b4fe47,16-Aug-2019
What is WEB SCRAPING? What does WEB ... - YouTube,https://www.youtube.com/watch?v=7IUfRVYew-o,20-Jan-2017
Web Scraping in Python in Hindi | Great Learning - YouTube,https://www.youtube.com/watch?v=jJJ7E9waBmc,11-May-2021
The Best Web Scraping Tools for 2021 | ScrapingBee,https://www.scrapingbee.com/blog/web-scraping-tools/,11-Jun-2021
5 Things You Need to Know Before Scraping Data From ...,https://www.octoparse.com/blog/5-things-you-need-to-know-before-scraping-data-from-facebook,12-Aug-2021
7 Best Web Scraping Tools To Extract Data - Better ...,https://betterprogramming.pub/data-scraping-tools-7cb76eeab89e,26-Apr-2021
Top Data Scraping Tools you must know for 2022 to assist ...,https://www.octoparse.com/blog/best-data-scraping-tools-for-2021,18-Mar-2022
11 Popular Cloud-based Web Scraping Solutions - Geekflare,https://geekflare.com/web-scraping-tools/,17-Nov-2021
Web Scraping vs Web Crawling: What's the Difference?,https://www.parsehub.com/blog/web-scraping-vs-web-crawling/,03-Feb-2020
Data Scraping for SEO & Analytics - Tutorial - Optimize Smart,https://www.optimizesmart.com/data-scraping-guide-for-seo/,26-Aug-2021
Web Scraping with Power BI & Python - 3Cloud LLC.,https://3cloudsolutions.com/post/web-scraping-with-power-bi-python-2/,21-Apr-2020
Web Scraping Tutorial using Python and BeautifulSoup in Hindi,https://www.youtube.com/watch?v=uufDGjTuq34,10-Dec-2019
Web Data Extraction Automation - UiPath,https://www.uipath.com/learning/video-tutorials/web-data-extraction-automation,19-Jan-2021
How to Scrape Data with a Simple and Easy-to-Use Scraper,https://www.parsehub.com/blog/simple-easy-web-scraper/,31-Aug-2020
Web scraping in Python (Part 3): Building a dataset - YouTube,https://www.youtube.com/watch?v=v5DDW5dyfyc,11-Aug-2017
Web Scraping for SQL Machine learning using R scripts,https://www.sqlshack.com/web-scraping-for-sql-machine-learning-using-r-scripts/,14-Dec-2020
A Beginner's Guide To Web Scraping Python - Simplilearn,https://www.simplilearn.com/tutorials/python-tutorial/web-scraping-with-python,1 month ago
Manage and Prevent Web Scraping | F5,https://www.f5.com/solutions/scraping,21-May-2020
Top Web Scraping Services For Your Ecommerce Store,https://firebearstudio.com/blog/ecommerce-magento-web-scraping.html,13-Feb-2017
Web Scraping - Research-IT,https://research-it.wharton.upenn.edu/data/webscraping/,08-Jul-2010
FAQ|15 Most Frequently Asked Questions about Web Scraping,https://www.octoparse.com/blog/15-most-frequently-asked-questions-of-web-scraping,09-Mar-2022
Best Data Scraping Tools for 2021 (Top 10 Reviews),https://medium.datadriveninvestor.com/best-data-scraping-tools-for-2019-top-10-reviews-4a686061a184,06-May-2019
Web Scraping Software to Extract Data from Websites | Agenty,https://agenty.com/products/scraping-agent/,29-Aug-2019
